<?xml version="1.0" encoding="UTF-8"?>
	<section id="procedure">
		<title>存储过程(PROCEDURE)</title>
		<section>
			<title>存储程序</title>
			<para>存储过程没有返回数据，需使用call proc()调用</para>
			<programlisting>
CREATE DEFINER=`neo`@`%` PROCEDURE `angelfund`(IN `puid` VARCHAR(50), IN `ptime` DATETIME)
	LANGUAGE SQL
	NOT DETERMINISTIC
	CONTAINS SQL
	SQL SECURITY DEFINER
	COMMENT ''
BEGIN

	DECLARE fusername VARCHAR(16) DEFAULT NULL;
	DECLARE fname VARCHAR(16) DEFAULT NULL;
	DECLARE fmembers_date VARCHAR(20) DEFAULT NULL;

	SELECT username,name,FROM_UNIXTIME(createtime) INTO fusername,fname,fmembers_date FROM members WHERE username = puid;

	IF fusername IS NOT NULL THEN
		INSERT IGNORE INTO angelfund(username,name,members_date,accounts_date,endtime,`status`,op,operator,`description`) value(fusername,fname,fmembers_date,ptime,DATE_ADD(ptime, INTERVAL +1 MONTH),'N','N','computer','');
	END IF;

END			
			</programlisting>
			<para>调用过程</para>
			<screen>
call angelfund('100','2013-10-10 10:10:10');			
			</screen>
		</section>
		<section id="execute">
			<title>EXECUTE 执行 SQL</title>
			<para>在过程中运行SQL，下面的例子是文件导出的例子。</para>
			<programlisting>
			<![CDATA[
DROP procedure IF EXISTS `export_file`;

DELIMITER $$
CREATE DEFINER=`dba`@`%` PROCEDURE `export_file`(IN file_name char(64), IN tabname char(64))
BEGIN
	set @sql = concat('SELECT * INTO OUTFILE ',"'/var/lib/mysql-files/",file_name,"'",' FROM ', tabname) ; 
    -- select @sql;
	PREPARE stmt FROM @sql; 
	EXECUTE stmt; 
	Deallocate prepare stmt;
END$$

DELIMITER ;
			]]>
			</programlisting>
			<para>call 存储过程</para>
			 <screen>
			<![CDATA[
call test.export_file('test', 'mytable');			
			]]>
			</screen>
		</section>
		<section>
			<title>PREPARE 传递参数</title>
			<programlisting>
			<![CDATA[
mysql> PREPARE stmt1 FROM 'SELECT SQRT(POW(?,2) + POW(?,2)) AS hypotenuse';
Query OK, 0 rows affected (0.00 sec)
Statement prepared

mysql> SET @a = 3;
Query OK, 0 rows affected (0.00 sec)

mysql> SET @b = 4;
Query OK, 0 rows affected (0.00 sec)

mysql> EXECUTE stmt1 USING @a, @b;
+------------+
| hypotenuse |
+------------+
|          5 |
+------------+
1 row in set (0.00 sec)

mysql> DEALLOCATE PREPARE stmt1;
Query OK, 0 rows affected (0.00 sec)

mysql> 			
			]]>
			</programlisting>
		</section>
		<section id="procedure.out">
			<title>存储过程返回数据</title>
			<programlisting>
			<![CDATA[
USE `test`;
DROP procedure IF EXISTS `test`;

DELIMITER $$
USE `test`$$
CREATE DEFINER=`dba`@`%` PROCEDURE `test`(in a int, in b int ,out num int)
BEGIN

	set num = a + b;

END$$

DELIMITER ;



			]]>
			</programlisting>
			<para>运行后返回结果 10 </para>
			<programlisting>
			<![CDATA[
set @num = 0;
call test(3,7,@num);
select @num;
			]]>
			</programlisting>
		</section>
		<section id="procedure.json">
			<title>结果集转JSON</title>
			<programlisting>
			<![CDATA[
			
USE `netkiller`;
DROP procedure IF EXISTS `table2json`;

DELIMITER $$
USE `netkiller`$$
CREATE DEFINER=`dba`@`%` PROCEDURE `table2json`(
IN `schema` VARCHAR(32), 
IN `table` VARCHAR(32), 
IN `id` VARCHAR(10), 
OUT rev VARCHAR(1024)
)
BEGIN
	SET @column = NULL;
	SET @str = NULL;

	SELECT 
    GROUP_CONCAT(fields) AS col INTO @column FROM (
		SELECT 
			CONCAT('"', COLUMN_NAME, '",', COLUMN_NAME) AS fields
		FROM
			INFORMATION_SCHEMA.Columns
		WHERE
			table_name = `table`
				AND table_schema = `schema`) AS tmptable;


	-- SELECT @column;


	SET @sql = CONCAT('SELECT json_object(',@column, ' ) as json INTO @str FROM ', `table`,' where id = ', `id`);

	-- SELECT @sql;

	PREPARE stmt FROM @sql; 
	EXECUTE stmt; 
	Deallocate prepare stmt;

	set rev = @str;

END$$

DELIMITER ;			
			]]>
			</programlisting>
			<para>使用实例</para>
			<programlisting>
			<![CDATA[
set @rev = '0';
call netkiller.table2json('gw', 'test', '1', @rev);
select @rev;
			]]>
			</programlisting>
		</section>
	</section>
	<section id="function">
		<title>函数</title>
		<para>函数会返回数据，调用函数使用 select fun(),不能使用call调用，否则提示</para>
		<screen>
		<![CDATA[
mysql> call myfun();
ERROR 1305 (42000): PROCEDURE test.myfun does not exist			
		]]>
		</screen>
		<para>下面做一个实验</para>
		<programlisting>
CREATE TABLE `t` (
	`id` INT(11) UNSIGNED NOT NULL AUTO_INCREMENT,
	`n` INT(11) UNSIGNED NULL DEFAULT '0',
	PRIMARY KEY (`id`)
)
COLLATE='utf8_general_ci'
ENGINE=InnoDB
AUTO_INCREMENT=5;

CREATE DEFINER=`neo`@`%` FUNCTION `myfun`()
	RETURNS int(11)
	LANGUAGE SQL
	NOT DETERMINISTIC
	READS SQL DATA
	SQL SECURITY DEFINER
	COMMENT ''
BEGIN
	INSERT INTO t (n) VALUES(rand()*100);
	RETURN LAST_INSERT_ID();
END			
		</programlisting>
		<screen>
		<![CDATA[
mysql> select myfun();
+---------+
| myfun() |
+---------+
|       9 |
+---------+
1 row in set, 2 warnings (0.07 sec)
		]]>
		</screen>
	</section>