<?xml version="1.0" encoding="UTF-8"?>
<!-- $Id: chapter.ddl.xml 642 2013-07-19 01:28:13Z netkiller $ -->
<chapter id="index"><?dbhtml dir="ddl"?>
	<title>DDL - Data Definition Language</title>
	<section id="database">
		<title>数据库管理(Database)</title>
		<section>
			<title>创建数据库</title>
			<para>Creating a UTF-8 database</para>
			<screen>
			<![CDATA[
CREATE DATABASE db_name DEFAULT CHARACTER SET utf8 COLLATE utf8_general_ci;
			]]>
			</screen>
			<para>Create a UTF-8 database with binary UTF-8 collation.</para>
			<programlisting>
			<![CDATA[
CREATE DATABASE dbname CHARACTER SET utf8 COLLATE utf8_bin;
			]]>
			</programlisting>
		</section>
		<section>
			<title>删除数据库</title>
			<screen>
			<![CDATA[
DROP DATABASE db_name;
			]]>
			</screen>
		</section>
		<section>
			<title>修改数据库</title>
			<programlisting>
			<![CDATA[
ALTER DATABASE dbname DEFAULT CHARACTER SET utf8 COLLATE utf8_general_ci;
			]]>
			</programlisting>
			<screen>
			<![CDATA[
			
			]]>
			</screen>
			、
		</section>
		<section>
			<title>重命名数据库</title>
			<screen>
			<![CDATA[
RENAME {DATABASE | SCHEMA} db_name TO new_db_name;
			]]>
			</screen>
			<para>before 5.0 version</para>
			<screen>
			<![CDATA[
[neo@development ~]$ mysqldump -uroot -pchen db_old | mysql -uroot -pchen db_new
			]]>
			</screen>
		</section>
		<section>
			<title>修改字符集</title>
			<screen>
			<![CDATA[
ALTER DATABASE <database_name> CHARACTER SET utf8;
			]]>
			</screen>
		</section>
		<section>
			<title>查看数据库创建语句</title>
			<screen>
			<![CDATA[
mysql> show create database dbname;
+----------+-------------------------------------------------------------------+
| Database | Create Database                                                   |
+----------+-------------------------------------------------------------------+
| dbname   | CREATE DATABASE `dbname` /*!40100 DEFAULT CHARACTER SET utf8 */   |
+----------+-------------------------------------------------------------------+
1 row in set (0.00 sec)
			]]>
			</screen>
		</section>

	</section>
	<section id="table">
		<title>表管理(Table)</title>
		<section id="create.table.set">
			<title>数据类型</title>
			<section>
				<title>SET 集合类型</title>
				<para>SET 集合类型，此类型适合用于多项选择场景，例如保存表单中的checkbox。</para>
				<screen>
				<![CDATA[
CREATE TABLE `QA` (
	`id` INT(10) UNSIGNED NOT NULL AUTO_INCREMENT,
	`question` VARCHAR(255) NOT NULL COMMENT '问题描述',
	`answer` SET('A','B','C','D') NOT NULL COMMENT '问题答案',
	PRIMARY KEY (`id`)
)
COMMENT='Multiple Choice'
COLLATE='utf8_general_ci'
ENGINE=InnoDB;
				]]>
				</screen>
				<para>插入数据</para>
				<screen>
				<![CDATA[
INSERT INTO `QA` (`id`, `question`, `answer`) VALUES
	(1, 'Netkiller 系列手札始于那一年？ A.2000年，B.2008年，C.2010年，D.2016年', 'A'),
	(2, 'Netkiller 系列手札有哪些? A.《Netkiller Scals 手札》, B.《Netkiller Java 手札》, C.《Netkiller Linux 手札》, D.《Netkiller EMC 手札》', 'B,C'),
	(3, 'XXXXXXXXX', 'C,D'),
	(4, 'XXXXXXXXX', 'A,B,C'),
	...
	...
	(1000, 'XXXXXXXXXX', 'B,C,D'),
	...
	...
	(5000, 'XXXXXXXXXX', 'A,B,C,D');
				]]>
				</screen>
				<para>查询 SET 结果集，MySQL为SET配备了FIND_IN_SET函数</para>
				<programlisting>
				<![CDATA[
select * from QA where FIND_IN_SET('B',`answer`);
				]]>
				</programlisting>
				<para>下面两种方法也能实现，但不推荐使用。</para>
				<programlisting>
				<![CDATA[
select question, answer from QA where locate('B',answer)>0;
select question, answer from QA where POSITION('B' in answer)>0;				
				]]>
				</programlisting>
				<para>查询多个答案</para>
				<programlisting>
				<![CDATA[
select question, answer from QA where answer = 'B,C';				
				]]>
				</programlisting>
			</section>
		</section>
		<section id="create.table.like">
			<title>基于现有表结构创建新空表</title>
			<programlisting>
			<![CDATA[
CREATE TABLE `test`.`old_table` (
  `id` INT UNSIGNED NOT NULL AUTO_INCREMENT,
  `name` VARCHAR(45) NULL,
  PRIMARY KEY (`id`));
  
CREATE TABLE new_table LIKE old_table;			
			]]>
			</programlisting>
			<para></para>
			<screen>
			<![CDATA[
mysql> show create table `test`.new_table;
+-----------+----------------------------------------------------------------------------------------------------------------------------------------------------------------------------------------------------+
| Table     | Create Table                                                                                                                                                                                       |
+-----------+----------------------------------------------------------------------------------------------------------------------------------------------------------------------------------------------------+
| new_table | CREATE TABLE `new_table` (
  `id` int unsigned NOT NULL AUTO_INCREMENT,
  `name` varchar(45) DEFAULT NULL,
  PRIMARY KEY (`id`)
) ENGINE=InnoDB DEFAULT CHARSET=utf8mb4 COLLATE=utf8mb4_0900_ai_ci |
+-----------+----------------------------------------------------------------------------------------------------------------------------------------------------------------------------------------------------+
1 row in set (0.00 sec)			
			]]>
			</screen>
		</section>
		<section id="create.table.select">
			<title>基于已存在表创建新表</title>
			<subtitle>create table ... select</subtitle>
			<para>创建空表</para>
			<programlisting>
			<![CDATA[
create table admin_user_history select * from admin_user where 1 <> 1;
			]]>
			</programlisting>
			<para>创建有数据的表</para>
			<programlisting>
			<![CDATA[
create table admin_user_history select * from admin_user;
			]]>
			</programlisting>
		</section>
		<section id="alter.table.add">
			<title>修改表</title>
			<para>modifiy table</para>
			<screen>
			<![CDATA[
ALTER TABLE ecs_users add user_picture varchar(255);
			]]>
			</screen>
		</section>
		<section id="temporary">
			<title>临时表</title>
			<subtitle>TEMPORARY Table</subtitle>
			<para>临时表将在你连接期间存在。一旦断开时将自动删除表并释放所用的空间。你在连接期间删除该表也同样释放空间。</para>
			<screen>
			<![CDATA[
CREATE TEMPORARY TABLE tmp_table (
	key VARCHAR(10) NOT NULL,
	value INTEGER NOT NULL
)
			]]>
			</screen>
			<para>声明临时表是一个HEAP表，允许你指定在内存中创建它</para>
			<screen>
			<![CDATA[
CREATE TEMPORARY TABLE tmp_mem_table (
	key VARCHAR(10) NOT NULL,
	value INTEGER NOT NULL
) TYPE = HEAP
			]]>
			</screen>
		</section>
		<section id="character">
			<title>CHARACTER</title>
			<screen>
			<![CDATA[
ALTER TABLE <table_name> CONVERT TO CHARACTER SET utf8;
alter table <table_name> convert to charset utf8mb4;
			]]>
			</screen>
			<para>修改表字符集</para>
			<programlisting>
			<![CDATA[
ALTER TABLE `tmp_cats`  COLLATE='utf8_general_ci',  CONVERT TO CHARSET utf8;
			]]>
			</programlisting>
		</section>
		<section id="default">
			<title>DEFAULT</title>
			<section id="AUTO_INCREMENT">
				<title>AUTO_INCREMENT</title>
				<para>定义 AUTO_INCREMENT 起始值</para>
				<programlisting>
				<![CDATA[
CREATE TABLE `bank_account` (
	`id` INT(10) UNSIGNED NOT NULL AUTO_INCREMENT COMMENT '自增唯一ID',
	`name` VARCHAR(50) NOT NULL DEFAULT '0' COMMENT '帐号名称(Name on account)',
	PRIMARY KEY (`id`)
)
COMMENT='银行帐号'
COLLATE='utf8_general_ci'
ENGINE=InnoDB
AUTO_INCREMENT=2;				
				]]>
				</programlisting>
				<para>设置 AUTO_INCREMENT</para>
				<programlisting>
				<![CDATA[
ALTER TABLE `accounts`
	AUTO_INCREMENT=792257;
				]]>
				</programlisting>
			</section>
			<section id="ON.UPDATE">
				<title>TIMESTAMP NULL DEFAULT NULL ON UPDATE</title>
				<screen>
				<![CDATA[
alter table cms.article ADD  COLUMN `mtime` TIMESTAMP NULL DEFAULT NULL ON UPDATE CURRENT_TIMESTAMP COMMENT '更改时间';				
				]]>
				</screen>

				<para>更新时间</para>
				<para>`mtime` TIMESTAMP NOT NULL DEFAULT CURRENT_TIMESTAMP ON UPDATE
					CURRENT_TIMESTAMP COMMENT '更改时间',</para>
				<screen>
				<![CDATA[
CREATE TABLE `bank_account` (
	`id` INT(10) UNSIGNED NOT NULL AUTO_INCREMENT COMMENT '自增唯一ID',
	`bank_name` VARCHAR(255) NOT NULL DEFAULT '0' COMMENT '银行名字(Bank Name)',
	`name` VARCHAR(50) NOT NULL DEFAULT '0' COMMENT '帐号名称(Name on account)',
	`account_number` VARCHAR(50) NOT NULL DEFAULT '0' COMMENT '银行帐号(Account Number)',
	`branch_location` VARCHAR(255) NOT NULL DEFAULT '0' COMMENT '支行位置(Branch Location)',
	`description` VARCHAR(255) NOT NULL DEFAULT '0' COMMENT '银行描述',
	`status` ENUM('Y','N') NOT NULL DEFAULT 'N' COMMENT '银行帐号状态',
	`ctime` DATETIME NOT NULL COMMENT '创建时间',
	`mtime` TIMESTAMP NOT NULL DEFAULT CURRENT_TIMESTAMP ON UPDATE CURRENT_TIMESTAMP COMMENT '更改时间',
	PRIMARY KEY (`id`)
)
COMMENT='银行帐号'
COLLATE='utf8_general_ci'
ENGINE=InnoDB
AUTO_INCREMENT=2;
				]]>
				</screen>

			</section>

			<section id="data.directory">
				<title>表存储位置(DATA DIRECTORY)</title>
				<programlisting>
				<![CDATA[
CREATE TABLE IF NOT EXISTS `tab_name` (
  `id` int(11) DEFAULT NULL,
  `purchased` date DEFAULT NULL,
  KEY `Index 1` (`id`)
) ENGINE=InnoDB DEFAULT CHARSET=utf8
/*!50100 PARTITION BY LIST (YEAR(purchased))
(PARTITION p0 VALUES IN (1990) DATA DIRECTORY = '/www/data' ENGINE = InnoDB) */;				
				]]>
				</programlisting>
			</section>
		</section>
		<section id="key">
			<title>KEY</title>
			<section>
				<title>PRIMARY KEY</title>
				<para>一般主键定义</para>
				<screen>
				<![CDATA[
PRIMARY KEY (`id`),
				]]>
				</screen>
				<para>复合主键</para>
				<screen>
				<![CDATA[
PRIMARY KEY (`id`, `user_id`),
				]]>
				</screen>
			</section>
			<section id="auto_increment">
				<title>AUTO_INCREMENT 定义初始值</title>
				<screen>
			<![CDATA[
DROP TABLE IF EXISTS users;
CREATE TABLE user(
    id   	INT   NOT NULL AUTO_INCREMENT
PRIMARY KEY(id)
)ENGINE=InnoDB AUTO_INCREMENT=100 DEFAULT CHARSET=utf8;			
			]]>
				</screen>
				<para>修改 auto_incremenrt 起始值</para>
				<screen>
			<![CDATA[
alter table tab1 auto_incremenrt=n			
			]]>
				</screen>
			</section>
		</section>
		<section id="table.GENERATED">
			<title>虚拟列</title>
			<para>虚拟列分为两种类型：</para>
			<para>VIRTUAL（虚拟列）：在读取时实时计算，不占用存储空间</para>
			<para>STORED（存储列）：在数据写入时计算并存储，会占用实际存储空间</para>
			<para>下面是 VIRTUAL 的例子</para>
			<screen>
			<![CDATA[
CREATE TABLE member (
  id INT UNSIGNED NOT NULL AUTO_INCREMENT COMMENT 'ID（主键）',
  firstname VARCHAR(10) NOT NULL COMMENT '名',
  lastname VARCHAR(10) NOT NULL COMMENT '姓',
  -- 计算字段：拼接姓+名，用空格分隔，设置为虚拟列（VIRTUAL）
  name VARCHAR(30) GENERATED ALWAYS AS (CONCAT(lastname, ' ', firstname)) VIRTUAL COMMENT '完整姓名（姓+名）',
  -- 设置主键，指定字符集和排序规则
  PRIMARY KEY (id)
) ENGINE=InnoDB DEFAULT CHARSET=utf8mb4 COLLATE=utf8mb4_unicode_ci COMMENT='会员表表';	
			]]>
			</screen>
			<para>修改 auto_incremenrt 起始值</para>
			<screen>
			<![CDATA[
INSERT INTO `test`.`member` (`firstname`, `lastname`) VALUES ('景峰','陈');	
			]]>
			</screen>
			<para>下面是 STORED 例子</para>
			<screen>
			<![CDATA[
CREATE TABLE `member` (
  `id` int unsigned NOT NULL AUTO_INCREMENT COMMENT 'ID（主键）',
  `firstname` varchar(10) COLLATE utf8mb4_unicode_ci NOT NULL COMMENT '名',
  `lastname` varchar(10) COLLATE utf8mb4_unicode_ci NOT NULL COMMENT '姓',
  `name` varchar(30) COLLATE utf8mb4_unicode_ci GENERATED ALWAYS AS (concat(`lastname`,`firstname`)) stored COMMENT '完整姓名（姓+名）',
  PRIMARY KEY (`id`)
) ENGINE=InnoDB AUTO_INCREMENT=2 DEFAULT CHARSET=utf8mb4 COLLATE=utf8mb4_unicode_ci COMMENT='会员表表'
			]]>
			</screen>
			<para>下面为 STORED 创建索引</para>
			<programlisting>
			<![CDATA[
CREATE TABLE `member` (
  `id` int unsigned NOT NULL AUTO_INCREMENT COMMENT 'ID（主键）',
  `firstname` varchar(10) CHARACTER SET utf8mb4 COLLATE utf8mb4_unicode_ci NOT NULL COMMENT '名',
  `lastname` varchar(10) CHARACTER SET utf8mb4 COLLATE utf8mb4_unicode_ci NOT NULL COMMENT '姓',
  `name` varchar(30) CHARACTER SET utf8mb4 COLLATE utf8mb4_unicode_ci GENERATED ALWAYS AS (concat(`lastname`,`firstname`)) STORED COMMENT '完整姓名（姓+名）',
  PRIMARY KEY (`id`),
  KEY `idx_member_name` (`name`)
) ENGINE=InnoDB AUTO_INCREMENT=3 DEFAULT CHARSET=utf8mb4 COLLATE=utf8mb4_unicode_ci COMMENT='会员表表'			
			]]>
			</programlisting>
		</section>
		<section id="comment">
			<title>COMMENT</title>
			<screen>
			<![CDATA[
ALTER TABLE `neo`.`stuff` COMMENT = '用户表' ;
ALTER TABLE `neo`.`stuff` CHANGE COLUMN `name` `name` VARCHAR(50) NULL DEFAULT NULL COMMENT '姓名'  ;
ALTER TABLE `neo`.`stuff` CHANGE COLUMN `password` `password` VARCHAR(50) NULL DEFAULT NULL COMMENT '用户密码' ;


CREATE TABLE `stuff` (
  `id` int(11) NOT NULL AUTO_INCREMENT,
  `name` varchar(50) DEFAULT NULL COMMENT ''姓名'',
  `password` varchar(50) DEFAULT NULL COMMENT ''用户密码'',
  `created` date NOT NULL DEFAULT ''0000-00-00'',
  PRIMARY KEY (`id`,`created`)
) ENGINE=MyISAM AUTO_INCREMENT=5 DEFAULT CHARSET=latin1 COMMENT=''用户表''
/*!50100 PARTITION BY HASH (year(created))
PARTITIONS 10 */
			]]>
			</screen>
		</section>
		<section id="table.rename">
			<title>修改表名</title>
			<screen>
			<![CDATA[
ALTER TABLE old_table_name  RENAME TO new_table_name; 
RENAME old_table _name TO new_table_name;			
			]]>
			</screen>
		</section>
		&chapter.ddl.engine.xml;
	</section>
	&chapter.ddl.partition.xml;
	<section id="index">
		<title>Index</title>
		<section>
			<title>SHOW INDEX</title>
			<programlisting>
			<![CDATA[
SHOW INDEX FROM tbl_name
			]]>
			</programlisting>
			<para>垂直显示</para>
			<programlisting>
			<![CDATA[
SHOW INDEX FROM tbl_name\G
			]]>
			</programlisting>
		</section>
		<section>
			<title>CREATE INDEX</title>
			<programlisting>
			<![CDATA[
CREATE INDEX index_name
ON table_name (column_name)
			]]>
			</programlisting>
			<para>CREATE UNIQUE INDEX</para>
			<programlisting>
			<![CDATA[
CREATE UNIQUE INDEX index_name
ON table_name (column_name)
			]]>
			</programlisting>
		</section>
		<section>
			<title>DROP INDEX</title>
			<programlisting>
			<![CDATA[
DROP INDEX index_name ON tbl_name
			]]>
			</programlisting>
		</section>
		<section>
			<title>rebuild</title>
			<programlisting>
			<![CDATA[
SHOW INDEX FROM tbl_name
alter index IND_PK rebuild;
			]]>
			</programlisting>
		</section>
	</section>
	<section id="key">
		<title>外键(Foreign Key)</title>
		<orderedlist>
			<title>ON DELETE, ON UPDATE 事件触发限制，可选参数： RESTRICT | CASCADE | SET
				NULL | NO ACTION</title>
			<listitem>
				<para>RESTRICT（限制外表中的外键改动）</para>
			</listitem>
			<listitem>
				<para>CASCADE（跟随外键改动）</para>
			</listitem>
			<listitem>
				<para>SET NULL（设空值）</para>
			</listitem>
			<listitem>
				<para>SET DEFAULT（设默认值）</para>
			</listitem>
			<listitem>
				<para>NO ACTION（无动作，默认的）</para>
			</listitem>
		</orderedlist>
		<section>
			<title>FOREIGN KEY (RESTRICT)</title>
			<screen>
			<![CDATA[
CREATE TABLE `bank_account_group_has_bank_account` (
	`id` INT(10) UNSIGNED NOT NULL AUTO_INCREMENT,
	`bank_account_group_id` INT(10) UNSIGNED NOT NULL DEFAULT '0',
	`bank_account_id` INT(10) UNSIGNED NOT NULL DEFAULT '0',
	PRIMARY KEY (`id`),
	INDEX `FK_bank_account_group_has_bank_account_bank_account` (`bank_account_id`),
	INDEX `FK_bank_account_group_has_bank_account_bank_account_group` (`bank_account_group_id`),
	CONSTRAINT `FK_bank_account_group_has_bank_account_bank_account` FOREIGN KEY (`bank_account_id`) REFERENCES `bank_account` (`id`),
	CONSTRAINT `FK_bank_account_group_has_bank_account_bank_account_group` FOREIGN KEY (`bank_account_group_id`) REFERENCES `bank_account_group` (`id`)
)
COMMENT='bank_account_group 与 bank_account 的 N:M 关系'
COLLATE='utf8_general_ci'
ENGINE=InnoDB
AUTO_INCREMENT=35;
			]]>
			</screen>
		</section>
	</section>
	<section id="view">
		<title>视图(View)</title>
		<screen>
		<![CDATA[
CREATE VIEW view_name AS
SELECT column_name(s)
FROM table_name
WHERE condition
		]]>
		</screen>
		<para>update view</para>
		<programlisting>
		<![CDATA[
SQL CREATE OR REPLACE VIEW Syntax
CREATE OR REPLACE VIEW view_name AS
SELECT column_name(s)
FROM table_name
WHERE condition
		]]>
		</programlisting>
	</section>
	&chapter.ddl.procedure.xml;
	&chapter.ddl.trigger.xml;
	&chapter.ddl.event.xml;
</chapter>
